serie_folder,original,section,new_name,shot_date,size_px,bytes
serie a mettre en avant ,DSC06403.JPG,featured,featured-01.webp,2024-12-10 19:27,3648x4319,4619332
serie a mettre en avant ,DSC06422.JPG,featured,featured-02.webp,2024-12-10 19:49,3648x4864,5895179
serie a mettre en avant ,DJI_20250508130920_0113_D.JPG,featured,featured-03.webp,2025-05-08 13:09,2268x4032,5083946
serie a mettre en avant ,DSC09373.JPG,featured,featured-04.webp,2025-11-27 14:46,4864x3648,7701666
serie a mettre en avant ,DSC00637.JPG,featured,featured-05.webp,2026-02-21 06:51,3648x4864,7274102
serie a mettre en avant ,IMG_6596.JPG,featured,featured-06.webp,2026-02-22 16:50,3024x4032,5283156
serie a mettre en avant ,DSC05216.JPG,featured,featured-07.webp,2026-02-25 17:17,3648x4864,7744076
serie a mettre en avant ,DSC05219.JPG,featured,featured-08.webp,2026-02-25 17:26,3648x4864,9984910
serie a mettre en avant ,IMG_6803.JPG,featured,featured-09.webp,2026-02-25 18:10,3024x4032,5382960
serie a mettre en avant ,IMG_5358.JPG,featured,featured-10.webp,2026-06-14 16:51,3024x4032,5038919
serie a mettre en avant ,IMG_7680.JPG,featured,featured-11.webp,2026-07-29 13:55,3024x4032,5807758
serie a mettre en avant ,IMG_7683.JPG,featured,featured-12.webp,2026-07-29 13:56,3024x4032,5979333
serie aesthetic pastel,IMG_3262.JPG,gallery,pastel-01.webp,2025-08-20 20:11,4284x5712,9463194
serie aesthetic pastel,IMG_3263.JPG,gallery,pastel-02.webp,2025-08-20 20:22,4209x5612,10461990
serie aesthetic pastel,IMG_3559.JPG,gallery,pastel-03.webp,2025-08-30 12:01,3024x4032,4767882
serie aesthetic pastel,IMG_3805.JPG,gallery,pastel-04.webp,2025-09-05 17:57,4284x5712,10370361
serie baseball ,DSC07494.JPG,gallery,baseball-01.webp,2025-08-18 17:32,3648x4864,6359372
serie baseball ,DSC07500.JPG,gallery,baseball-02.webp,2025-08-18 17:45,3648x4864,7383893
serie baseball ,DSC07501.JPG,gallery,baseball-03.webp,2025-08-18 17:46,4864x3648,6663601
serie baseball ,DSC07507.JPG,gallery,baseball-04.webp,2025-08-18 18:01,3648x4864,6178555
serie baseball ,DSC07535.JPG,gallery,baseball-05.webp,2025-08-18 18:22,3648x4864,6717280
serie city boston,IMG_5078_jpg.JPG,gallery,city-boston-01.webp,2025-10-17 17:33,3024x4032,4953578
serie city boston,DSC07754.JPG,gallery,city-boston-02.webp,2025-10-18 10:08,3648x4864,7215498
serie city boston,DSC07803.JPG,gallery,city-boston-03.webp,2025-10-18 12:35,3648x4864,6745642
serie city boston,DSC07804.JPG,gallery,city-boston-04.webp,2025-10-18 12:36,3648x4864,6829880
serie city boston,IMG_5229.JPG,gallery,city-boston-05.webp,2025-10-18 18:12,3024x4032,4514782
serie city boston,IMG_6952_jpg.JPG,gallery,city-boston-06.webp,2025-10-27 16:49,3024x4032,4544426
serie city boston,IMG_7049.JPG,gallery,city-boston-07.webp,2025-11-01 17:16,3024x4032,4103805
serie city boston,DSC09261.JPG,gallery,city-boston-08.webp,2025-11-24 16:08,3503x4670,5612877
serie city boston,B9FFFFBE-BF52-4ECF-84D4-131268AB8B7A.JPG,gallery,city-boston-09.webp,2026-04-13 23:34,,415991
serie city chicago,DSC06897.JPG,gallery,city-chicago-01.webp,2025-07-02 02:28,3233x4755,7424451
serie city chicago,DSC07005.JPG,gallery,city-chicago-02.webp,2025-08-14 01:26,3648x4864,7774323
serie city chicago,DSC07006.JPG,gallery,city-chicago-03.webp,2025-08-14 01:26,3648x4864,7233614
serie city chicago,DSC07175.JPG,gallery,city-chicago-04.webp,2025-08-15 03:28,3648x4864,6672782
serie city chicago,DSC07177.JPG,gallery,city-chicago-05.webp,2025-08-15 03:28,3648x4864,6167042
serie city chicago,DSC07361.JPG,gallery,city-chicago-06.webp,2025-08-15 14:33,3648x4864,6311665
serie city chicago,DSC07433.JPG,gallery,city-chicago-07.webp,2025-08-15 16:28,3490x4864,5300296
serie city chicago,DSC07447.JPG,gallery,city-chicago-08.webp,2025-08-15 17:02,3648x4864,6100096
serie city divers,IMG_3270.JPG,gallery,city-misc-01.webp,2021-11-11 16:25,3024x4032,4015242
serie city divers,IMG_5601.JPG,gallery,city-misc-02.webp,2022-10-21 18:27,2827x4032,5911250
serie city divers,DSC04164.JPG,gallery,city-misc-03.webp,2022-12-04 14:42,3648x5472,7348814
serie city divers,DSC06630.JPG,gallery,city-misc-04.webp,2025-02-21 18:04,3648x4864,7890252
serie city divers,IMG_1399.JPG,gallery,city-misc-05.webp,2025-08-01 19:33,3024x4032,4407909
serie city divers,IMG_1625.JPG,gallery,city-misc-06.webp,2025-08-03 11:54,3024x4032,6005967
serie city new york,IMG_8406.JPG,gallery,city-new-york-01.webp,2025-11-15 09:15,2897x3862,4020165
serie city new york,DSC08711.JPG,gallery,city-new-york-02.webp,2025-11-15 12:28,3648x4864,6835897
serie city new york,DSC08775.JPG,gallery,city-new-york-03.webp,2025-11-15 16:49,3648x4864,7156427
serie city new york,DSC08776.JPG,gallery,city-new-york-04.webp,2025-11-15 16:56,3521x4694,5847897
serie city new york,DSC08782.JPG,gallery,city-new-york-05.webp,2025-11-15 16:59,3598x4797,5756972
serie city new york,DSC08797.JPG,gallery,city-new-york-06.webp,2025-11-15 17:16,3648x4864,5631626
serie city new york,IMG_8585.JPG,gallery,city-new-york-07.webp,2025-11-15 18:24,3024x4032,5029847
serie city new york,IMG_8586.JPG,gallery,city-new-york-08.webp,2025-11-15 18:24,3024x4032,5916398
serie city new york,IMG_8590_jpg.JPG,gallery,city-new-york-09.webp,2025-11-15 18:33,3718x4956,6964200
serie city new york,DSC08835.JPG,gallery,city-new-york-10.webp,2025-11-16 15:46,3648x4864,7917870
serie city new york,DSC08939.JPG,gallery,city-new-york-11.webp,2025-11-17 12:22,3648x4864,6038652
serie city new york,DSC08970.JPG,gallery,city-new-york-12.webp,2025-11-17 17:17,3521x4694,6323891
serie city new york,DSC08971.JPG,gallery,city-new-york-13.webp,2025-11-17 17:17,3542x4723,6500260
serie city new york,DSC00782.JPG,gallery,city-new-york-14.webp,2026-04-04 08:29,3648x4864,6764132
serie city new york,DSC00852.JPG,gallery,city-new-york-15.webp,2026-04-05 12:27,3648x4864,6869097
serie city vietnam,IMG_0368.JPG,gallery,city-vietnam-01.webp,2026-09-05 10:46,3024x4032,5737799
serie city vietnam,IMG_0370.JPG,gallery,city-vietnam-02.webp,2026-09-05 10:46,3024x4032,6084571
serie city vietnam,IMG_0411.JPG,gallery,city-vietnam-03.webp,2026-09-05 11:55,4284x5712,12492060
serie city vietnam,IMG_0425.JPG,gallery,city-vietnam-04.webp,2026-09-05 12:06,4284x5712,10252359
serie landscapes canaries,DSC02453.JPG,gallery,landscapes-canaries-01.webp,2021-12-17 18:20,5472x3648,5366666
serie landscapes canaries,DSC02479.JPG,gallery,landscapes-canaries-02.webp,2021-12-17 19:38,5092x3395,3826084
serie landscapes canaries,DSC00335.JPG,gallery,landscapes-canaries-03.webp,2021-12-18 18:07,3648x5472,3739211
serie landscapes canaries,DSC00521.JPG,gallery,landscapes-canaries-04.webp,2021-12-20 12:23,3648x5472,10647444
serie landscapes canaries,Photo_6553906_DJI_306_jpg_5878593_0_20211220164354_photo_original.jpg.JPG,gallery,landscapes-canaries-05.webp,2021-12-20 16:43,4000x3000,8376054
serie landscapes canaries,DJI_0291.00_14_10_19.Still012.JPG,gallery,landscapes-canaries-06.webp,2021-12-29 23:47,3840x2160,4113950
serie landscapes canaries,DJI_0291.00_14_46_15.Still013.JPG,gallery,landscapes-canaries-07.webp,2021-12-29 23:47,3840x2160,5238050
serie landscapes canaries,DJI_0291.00_20_33_06.Still017.JPG,gallery,landscapes-canaries-08.webp,2021-12-30 00:05,3840x2160,4193586
serie landscapes costa rica,IMG_0466.JPG,gallery,landscapes-costa-rica-01.webp,2025-11-26 16:49,3024x4032,4901127
serie landscapes costa rica,IMG_0468.JPG,gallery,landscapes-costa-rica-02.webp,2025-11-26 16:49,3024x4032,5573998
serie landscapes costa rica,DSC09373.JPG,gallery,landscapes-costa-rica-03.webp,2025-11-27 14:46,4864x3648,7701666
serie landscapes costa rica,DSC09423.JPG,gallery,landscapes-costa-rica-04.webp,2025-11-27 15:11,3648x4864,6213383
serie landscapes fall us,IMG_0546.JPG,gallery,landscapes-fall-us-01.webp,2025-10-21 17:27,3024x4032,4831708
serie landscapes fall us,DSC08044.JPG,gallery,landscapes-fall-us-02.webp,2025-10-21 17:35,3648x4864,5193141
serie landscapes fall us,DSC08174.JPG,gallery,landscapes-fall-us-03.webp,2025-10-23 11:35,3648x4864,6079949
serie landscapes fall us,DSC08179.JPG,gallery,landscapes-fall-us-04.webp,2025-10-23 11:36,3648x4864,7339080
serie landscapes fall us,DSC08189.JPG,gallery,landscapes-fall-us-05.webp,2025-10-23 11:38,3648x4864,6197714
serie landscapes fall us,IMG_0655.JPG,gallery,landscapes-fall-us-06.webp,2025-10-23 13:55,2555x2589,2852108
serie landscapes fall us,IMG_6081_jpg.JPG,gallery,landscapes-fall-us-07.webp,2025-10-23 16:29,3024x4032,4474958
serie landscapes fall us,IMG_6087.JPG,gallery,landscapes-fall-us-08.webp,2025-10-23 17:33,2576x3434,4020068
serie landscapes fall us,DSC08428.JPG,gallery,landscapes-fall-us-09.webp,2025-10-25 16:54,3648x4864,7332970
serie landscapes fall us,DSC08463.JPG,gallery,landscapes-fall-us-10.webp,2025-10-26 16:32,3648x4864,6615269
serie landscapes fall us,IMG_0890.JPG,gallery,landscapes-fall-us-11.webp,2025-10-26 16:33,3024x4032,5669198
serie landscapes fall us,IMG_6856.JPG,gallery,landscapes-fall-us-12.webp,2025-10-26 17:45,4284x5712,6923700
serie landscapes fall us,IMG_6881.JPG,gallery,landscapes-fall-us-13.webp,2025-10-26 17:59,3024x4032,4956928
serie landscapes fall us,DSC09261.JPG,gallery,landscapes-fall-us-14.webp,2025-11-24 16:08,3503x4670,5612877
serie landscapes non triées,IMG_7434.JPG,gallery,landscapes-misc-01.webp,2022-03-14 19:01,4032x3024,6399489
serie landscapes non triées,IMG_7444.JPG,gallery,landscapes-misc-02.webp,2022-03-14 19:08,3024x4032,6426668
serie landscapes non triées,IMG_8972.JPG,gallery,landscapes-misc-03.webp,2022-07-18 20:03,2849x2849,5464390
serie landscapes non triées,IMG_2149.JPG,gallery,landscapes-misc-04.webp,2022-08-15 18:57,4032x3024,3434349
serie landscapes non triées,DJI_0310.00_41_18_01.Still051.JPG,gallery,landscapes-misc-05.webp,2022-08-22 19:44,3840x2160,3249963
serie landscapes non triées,DSC03675.JPG,gallery,landscapes-misc-06.webp,2022-11-16 14:07,3648x5472,4894886
serie landscapes non triées,DSC03878.JPG,gallery,landscapes-misc-07.webp,2022-11-20 00:50,2673x3993,3352401
serie landscapes non triées,IMG_0598.JPG,gallery,landscapes-misc-08.webp,2023-01-14 08:11,3914x3024,4669766
serie landscapes non triées,IMG_0601.JPG,gallery,landscapes-misc-09.webp,2023-01-14 08:15,3928x3024,4005792
serie landscapes non triées,DSC04405.JPG,gallery,landscapes-misc-10.webp,2023-02-10 18:11,3499x5248,2684548
serie landscapes non triées,IMG_1452.JPG,gallery,landscapes-misc-11.webp,2025-08-02 17:18,4284x5712,7169444
serie landscapes non triées,IMG_1483.JPG,gallery,landscapes-misc-12.webp,2025-08-02 18:23,3024x4032,4166629
serie landscapes non triées,IMG_3637.JPG,gallery,landscapes-misc-13.webp,2025-08-31 15:33,3024x4032,4916040
serie landscapes non triées,DSC07659.JPG,gallery,landscapes-misc-14.webp,2025-10-04 11:13,3648x4864,6188226
serie landscapes non triées,DSC07665.JPG,gallery,landscapes-misc-15.webp,2025-10-05 08:19,3648x4864,5210638
serie landscapes non triées,IMG_7680.JPG,gallery,landscapes-misc-16.webp,2026-07-29 13:55,3024x4032,5807758
serie landscapes non triées,IMG_7683.JPG,gallery,landscapes-misc-17.webp,2026-07-29 13:56,3024x4032,5979333
serie landscapes san francisco,DSC03460.JPG,gallery,landscapes-san-francisco-01.webp,2017-01-21 21:56,3648x4864,7282565
serie landscapes san francisco,DSC03466.JPG,gallery,landscapes-san-francisco-02.webp,2017-01-21 21:57,3648x4864,7514764
serie landscapes san francisco,DSC03472.JPG,gallery,landscapes-san-francisco-03.webp,2017-01-21 22:01,3557x4743,6655914
serie landscapes san francisco,DSC03478.JPG,gallery,landscapes-san-francisco-04.webp,2017-01-21 22:27,3539x4719,6143701
serie landscapes thailande,DSC09978.JPG,gallery,landscapes-thailand-01.webp,2025-12-21 06:04,3186x4864,7332023
serie landscapes thailande,DSC09979.JPG,gallery,landscapes-thailand-02.webp,2025-12-21 06:04,3574x4765,7631461
serie landscapes thailande,IMG_2371_jpg.JPG,gallery,landscapes-thailand-03.webp,2025-12-22 16:57,3024x4032,5083832
serie landscapes thailande,DSC00087.JPG,gallery,landscapes-thailand-04.webp,2025-12-22 17:52,3648x4864,6865423
serie landscapes thailande,DSC00167.JPG,gallery,landscapes-thailand-05.webp,2025-12-24 15:40,3266x4734,5340538
serie landscapes thailande,DSC00287.JPG,gallery,landscapes-thailand-06.webp,2025-12-28 17:25,3648x4864,7262923
serie landscapes thailande,DSC00307.JPG,gallery,landscapes-thailand-07.webp,2025-12-28 17:51,3648x4864,6793700
serie landscapes thailande,DSC00321.JPG,gallery,landscapes-thailand-08.webp,2025-12-29 17:17,3648x4864,6183436
serie landscapes thailande,DJI_20251230171803_0136_D.JPG,gallery,landscapes-thailand-09.webp,2025-12-30 17:18,2268x4032,4903652
serie landscapes thailande,DJI_20251230172345_0142_D.JPG,gallery,landscapes-thailand-10.webp,2025-12-30 17:23,2268x4032,5253175
serie landscapes thailande,DJI_20251231162929_0146_D.JPG,gallery,landscapes-thailand-11.webp,2025-12-31 16:29,2268x4032,4930503
serie landscapes thailande,DSC00438.JPG,gallery,landscapes-thailand-12.webp,2025-12-31 17:59,3648x4864,8491133
serie landscapes thailande,IMG_4198.JPG,gallery,landscapes-thailand-13.webp,2026-01-06 19:08,4284x5712,6840789
serie project anna,DSC02523.JPG,collabs,project-anna-01.webp,2025-03-08 17:55,3477x4070,9463133
serie project anna,DSC02538.JPG,collabs,project-anna-02.webp,2025-03-08 17:58,3648x4864,6148369
serie project anna,DSC02605.JPG,collabs,project-anna-03.webp,2025-03-08 18:09,2818x4524,8346521
serie project anna,DSC02636.JPG,collabs,project-anna-04.webp,2025-03-08 18:12,3640x4557,4746099
serie project anna,DSC02700.JPG,collabs,project-anna-05.webp,2025-03-08 18:18,3648x4864,5305967
serie project anna,DSC02739.JPG,collabs,project-anna-06.webp,2025-03-08 18:27,3648x4864,4880568
serie project martines,IMG_9414.jpg,collabs,project-martines-01.webp,2024-05-30 12:26,1978x3809,2372871
serie project martines,IMG_6984.JPG,collabs,project-martines-02.webp,2026-07-10 03:27,3491x4855,5453604
serie project martines,IMG_6982.JPG,collabs,project-martines-03.webp,2026-07-10 03:28,3648x4864,6255542
serie project martines,IMG_6981.JPG,collabs,project-martines-04.webp,2026-07-10 03:29,4864x3648,6492978
serie project martines,IMG_6985.JPG,collabs,project-martines-05.webp,2026-07-10 03:29,3584x4778,5926546
serie project martines,IMG_6986.JPG,collabs,project-martines-06.webp,2026-07-10 03:34,3648x4864,6619429
serie project martines,IMG_6989.JPG,collabs,project-martines-07.webp,2026-07-10 03:36,3399x4532,5700041
serie project martines,IMG_6990.JPG,collabs,project-martines-08.webp,2026-07-10 03:37,3648x4864,7652085
serie project martines,IMG_6996.JPG,collabs,project-martines-09.webp,2026-07-10 03:46,3648x4864,6176015
serie project martines,IMG_7001.JPG,collabs,project-martines-10.webp,2026-07-10 03:48,3346x4462,4562903
serie project martines,IMG_6998.JPG,collabs,project-martines-11.webp,2026-07-10 03:48,3648x4864,5926230
serie project martines,IMG_7003.JPG,collabs,project-martines-12.webp,2026-07-10 03:49,3648x4864,5918249
serie project martines,IMG_7005.JPG,collabs,project-martines-13.webp,2026-07-10 03:49,3648x4864,5982952
serie project martines,IMG_7007.JPG,collabs,project-martines-14.webp,2026-07-10 03:53,3648x4864,7026938
serie project martines,IMG_7006.JPG,collabs,project-martines-15.webp,2026-07-10 03:54,3525x4700,6291973
serie project martines,IMG_7011.JPG,collabs,project-martines-16.webp,2026-07-10 03:55,3567x4756,5620820
serie project martines,IMG_7016.jpg,collabs,project-martines-17.webp,2026-07-10 04:00,3638x2546,3994050
serie project martines,IMG_7018.JPG,collabs,project-martines-18.webp,2026-07-10 04:02,3567x4756,5267297
serie project martines,IMG_7019.JPG,collabs,project-martines-19.webp,2026-07-10 04:03,3648x4864,5834876
serie project martines,IMG_7021.JPG,collabs,project-martines-20.webp,2026-07-10 04:08,3648x4864,6039573
serie project martines,IMG_7022.JPG,collabs,project-martines-21.webp,2026-07-10 04:09,3592x4790,6479611
serie project martines,IMG_7029.JPG,collabs,project-martines-22.webp,2026-07-10 04:09,3648x4864,5742048
serie project martines,IMG_7028.JPG,collabs,project-martines-23.webp,2026-07-10 04:12,3648x4864,5969325
serie project martines,IMG_7032.JPG,collabs,project-martines-24.webp,2026-07-10 04:13,3445x4594,4925027
serie project martines,IMG_7035.JPG,collabs,project-martines-25.webp,2026-07-10 04:14,3648x4864,6547603
serie project martines,IMG_7038.JPG,collabs,project-martines-26.webp,2026-07-10 04:15,3498x4664,6285065
serie project martines,IMG_7041.JPG,collabs,project-martines-27.webp,2026-07-10 04:21,3565x4753,5887081
serie project martines,IMG_7044.JPG,collabs,project-martines-28.webp,2026-07-10 04:23,3601x4801,5322166
serie projet arrosé,IMG_0554.JPG,collabs,project-arrose-01.webp,2026-05-04 08:40,1200x1600,1351705
serie projet arrosé,DSC06309.JPG,collabs,project-arrose-02.webp,2026-06-17 05:56,3590x4787,6530472
serie projet arrosé,DSC06373.JPG,collabs,project-arrose-03.webp,2026-06-17 06:31,3648x4864,5854726
serie projet arrosé,DSC06506.JPG,collabs,project-arrose-04.webp,2026-06-20 10:55,3528x4704,6696304
serie projet arrosé,DSC06554.JPG,collabs,project-arrose-05.webp,2026-06-20 11:04,2723x3631,3864753
serie projet arrosé,DSC06571.JPG,collabs,project-arrose-06.webp,2026-06-20 11:07,3648x4864,7056786
serie projet arrosé,DSC06579.JPG,collabs,project-arrose-07.webp,2026-06-20 11:08,3333x4444,6609731
serie projet arrosé,DSC06586.JPG,collabs,project-arrose-08.webp,2026-06-20 12:21,3648x4864,7660617
serie projet arrosé,DSC06592.JPG,collabs,project-arrose-09.webp,2026-06-20 12:22,3485x4647,5917660
serie projet arrosé,IMG_5520.JPG,collabs,project-arrose-10.webp,2026-06-20 22:14,3024x4032,5649971
serie projet arrosé,IMG_5523.JPG,collabs,project-arrose-11.webp,2026-06-20 22:26,2716x3187,4991686
serie projet arrosé,IMG_8400.JPG,collabs,project-arrose-12.webp,2026-08-06 19:53,3024x4032,5953935
serie projet arrosé,IMG_8402.JPG,collabs,project-arrose-13.webp,2026-08-06 19:55,2844x3792,6466694
serie projet arrosé,IMG_8404.JPG,collabs,project-arrose-14.webp,2026-08-06 19:55,4284x5712,10198718
serie surf,DSC09019.JPG,surf,surf-01.webp,2017-01-01 03:00,2595x3206,2777180
serie surf,SONY_DSC-RX10M4_50602706-506270743935.jpg,surf,surf-02.webp,2017-01-02 04:02,5049x3648,5128007
serie surf,SONY_DSC-RX10M4_50627858-506522163937.JPG,surf,surf-03.webp,2017-01-02 04:02,4905x3270,5396135
serie surf,IMG_1950.jpg,surf,surf-04.webp,2023-10-01 21:46,846x1830,887205
serie surf,IMG_1955.JPG,surf,surf-05.webp,2023-10-01 21:47,1284x2236,1393131
serie surf,IMG_1963.JPG,surf,surf-06.webp,2023-10-01 21:53,1284x2280,1274610
serie surf,dji_fly_20231019_175124_0022_1697746017436_photo.JPG,surf,surf-07.webp,2023-10-19 17:51,2268x4032,3840991
serie surf,IMG_2765.JPG,surf,surf-08.webp,2023-10-19 21:46,1284x2279,2232468
serie surf,IMG_2773.JPG,surf,surf-09.webp,2023-10-19 22:22,1284x2275,1609973
serie surf,IMG_2776.JPG,surf,surf-10.webp,2023-10-19 22:23,730x628,303731
serie surf,IMG_2777.JPG,surf,surf-11.webp,2023-10-19 22:23,966x717,465688
serie surf,IMG_2781.jpg,surf,surf-12.webp,2023-10-19 22:26,695x1284,508395
serie surf,IMG_3230.JPG,surf,surf-13.webp,2023-10-22 21:23,1284x2256,2612205
serie surf,IMG_3231.jpg,surf,surf-14.webp,2023-10-22 21:24,1284x2256,1517406
serie surf,IMG_3240.JPG,surf,surf-15.webp,2023-10-22 21:29,1284x2275,2768578
serie surf,DSC05833 2.JPG,surf,surf-16.webp,2023-12-21 12:56,5472x3648,8683860
serie surf,DSC05833.JPG,surf,surf-17.webp,2023-12-21 12:56,3211x3648,5385930
serie surf,DSC07228.JPG,surf,surf-18.webp,2023-12-22 13:23,3648x5472,6655954
serie surf,DSC09287 2.JPG,surf,surf-19.webp,2023-12-28 12:54,3642x5463,7404582
serie surf,DSC09287.JPG,surf,surf-20.webp,2023-12-28 12:54,3642x5463,7587546
serie surf,DSC02048.JPG,surf,surf-21.webp,2024-12-12 14:53,3376x3500,4905283
serie surf,IMG_4806.JPG,surf,surf-22.webp,2026-05-30 18:16,4284x5712,6167185
serie surf,IMG_4990.JPG,surf,surf-23.webp,2026-06-03 13:08,4284x5712,9677590
serie surf indo,DSC01348.JPG,surf,surf-indo-01.webp,2026-08-22 17:26,3648x4864,6877777
serie surf indo,DSC01573.JPG,surf,surf-indo-02.webp,2026-08-22 17:36,3648x4864,7096682
serie surf indo,DSC01626.JPG,surf,surf-indo-03.webp,2026-08-22 17:36,3648x4864,7045485
serie surf indo,DSC01761.JPG,surf,surf-indo-04.webp,2026-08-22 17:36,2416x3221,3288357
serie surf indo,DSC01782.JPG,surf,surf-indo-05.webp,2026-08-22 17:52,3648x4864,7559524
serie surf indo,DSC01794 2.JPG,surf,surf-indo-06.webp,2026-08-23 17:24,3648x4864,6583977
serie surf indo,DSC01845 2.JPG,surf,surf-indo-07.webp,2026-08-23 18:05,3648x4864,7311288
serie surf indo,DSC01943 2.JPG,surf,surf-indo-08.webp,2026-08-23 18:17,3648x4864,7346364
serie van life bardenas,IMG_8083_jpg.JPG,vanlife,vanlife-bardenas-01.webp,2025-04-28 09:34,4284x5712,7074016
serie van life bardenas,IMG_8101.JPG,vanlife,vanlife-bardenas-02.webp,2025-04-28 19:11,3024x4032,6409854
serie van life bardenas,IMG_8102.JPG,vanlife,vanlife-bardenas-03.webp,2025-04-28 19:49,4284x5712,9367218
serie van life bardenas,IMG_8104.JPG,vanlife,vanlife-bardenas-04.webp,2025-04-28 19:59,4284x5712,9545629
serie van life bardenas,IMG_8105.JPG,vanlife,vanlife-bardenas-05.webp,2025-04-28 20:00,3024x4032,6373102
serie van life bardenas,DSC02790.JPG,vanlife,vanlife-bardenas-06.webp,2025-04-29 18:28,3648x4864,8167283
serie van life bardenas,DSC02808.JPG,vanlife,vanlife-bardenas-07.webp,2025-04-29 18:34,3648x4864,8997572
serie van life bardenas,DSC02824.JPG,vanlife,vanlife-bardenas-08.webp,2025-04-29 19:00,3648x4864,5373900
serie van life bardenas,DSC02827.JPG,vanlife,vanlife-bardenas-09.webp,2025-04-29 19:06,3648x4864,5442012
serie van life bardenas,DJI_20250429192158_0070_D.JPG,vanlife,vanlife-bardenas-10.webp,2025-04-29 19:21,4032x2268,4493289
serie van life bardenas,DSC02834.JPG,vanlife,vanlife-bardenas-11.webp,2025-04-29 19:42,3648x4864,6442510
serie van life bardenas,IMG_3523.JPG,vanlife,vanlife-bardenas-12.webp,2025-04-29 20:02,4284x5712,7557285
serie van life bardenas,IMG_8174.JPG,vanlife,vanlife-bardenas-13.webp,2025-04-30 09:57,4284x5712,6989172
serie van life bardenas,IMG_8439.JPG,vanlife,vanlife-bardenas-14.webp,2025-05-03 19:47,3024x4032,6159908
serie van life bardenas,IMG_8442.JPG,vanlife,vanlife-bardenas-15.webp,2025-05-03 20:41,3024x4032,6327005
serie van life bardenas,IMG_8448.JPG,vanlife,vanlife-bardenas-16.webp,2025-05-03 21:23,3024x4032,4469081
serie van life bardenas,IMG_8451.JPG,vanlife,vanlife-bardenas-17.webp,2025-05-03 21:25,3024x4032,3821174
serie van life bardenas,IMG_8485.JPG,vanlife,vanlife-bardenas-18.webp,2025-05-04 19:59,4284x5712,6787238
serie van life bardenas,IMG_8504.JPG,vanlife,vanlife-bardenas-19.webp,2025-05-05 10:21,4284x5712,9839173
serie van life bardenas,IMG_8626.JPG,vanlife,vanlife-bardenas-20.webp,2025-05-05 21:11,4284x5712,11197870
serie van life bardenas,IMG_8635.JPG,vanlife,vanlife-bardenas-21.webp,2025-05-05 21:30,4284x5712,10459670
serie vanlife east coast,IMG_9267.JPG,vanlife,vanlife-east-coast-01.webp,2025-11-19 07:36,2909x3879,4737661
serie vanlife east coast,IMG_9757.JPG,vanlife,vanlife-east-coast-02.webp,2025-11-22 15:43,4284x5712,6635108
serie vanlife east coast,DSC09118.JPG,vanlife,vanlife-east-coast-03.webp,2025-11-22 16:04,4864x3648,5853995
serie vanlife east coast,DSC09123.JPG,vanlife,vanlife-east-coast-04.webp,2025-11-22 16:05,3648x4864,6245213
serie vanlife east coast,DSC09126.JPG,vanlife,vanlife-east-coast-05.webp,2025-11-22 16:36,3648x4864,5914915
serie vanlife east coast,DSC09128.JPG,vanlife,vanlife-east-coast-06.webp,2025-11-22 16:37,3604x4806,5589166
serie vanlife irish,IMG_2377.JPG,vanlife,vanlife-ireland-01.webp,2023-10-06 09:14,3024x4032,3804032
serie vanlife irish,DSC05510.JPG,vanlife,vanlife-ireland-02.webp,2023-10-19 15:58,1080x1616,1245684
serie vanlife irish,DSC05526.JPG,vanlife,vanlife-ireland-03.webp,2023-10-19 16:40,1080x1616,1674366
serie vanlife irish,IMG_2773.JPG,vanlife,vanlife-ireland-04.webp,2023-10-19 22:22,1284x2275,1609973
serie vanlife irish,IMG_2776.JPG,vanlife,vanlife-ireland-05.webp,2023-10-19 22:23,730x628,303731
serie vanlife irish,DSC05542.JPG,vanlife,vanlife-ireland-06.webp,2023-10-21 10:22,3648x5472,7674621
serie vanlife irish,dji_fly_20231022_180900_0004_1697995289291_photo.JPG,vanlife,vanlife-ireland-07.webp,2023-10-22 18:08,2268x4032,3763175
serie vanlife irish,IMG_3231.jpg,vanlife,vanlife-ireland-08.webp,2023-10-22 21:24,1284x2256,1517406
serie vanlife irish,IMG_3240.JPG,vanlife,vanlife-ireland-09.webp,2023-10-22 21:29,1284x2275,2768578
serie vanlife irish,IMG_3272.JPG,vanlife,vanlife-ireland-10.webp,2023-10-23 17:34,3024x4032,5659507
serie vanlife irish,IMG_3279.JPG,vanlife,vanlife-ireland-11.webp,2023-10-23 18:09,3024x4032,5196147
serie vanlife irish,DSC05659.JPG,vanlife,vanlife-ireland-12.webp,2023-10-23 18:44,3648x5472,7091727
serie vanlife irish,IMG_3385.JPG,vanlife,vanlife-ireland-13.webp,2023-10-24 18:13,2989x3985,5953008
serie vanlife national parks,DSC00927.JPG,vanlife,vanlife-national-parks-01.webp,2026-05-06 07:38,3556x4741,6622604
serie vanlife national parks,DSC00931.JPG,vanlife,vanlife-national-parks-02.webp,2026-05-06 07:40,3648x4864,7415102
serie vanlife national parks,DSC00956.JPG,vanlife,vanlife-national-parks-03.webp,2026-05-06 08:37,3648x4864,8125897
serie vanlife national parks,DSC01020.JPG,vanlife,vanlife-national-parks-04.webp,2026-05-08 06:55,3648x4864,7020453
serie vanlife national parks,DSC01024.JPG,vanlife,vanlife-national-parks-05.webp,2026-05-08 06:58,3648x4864,7161348
serie vanlife national parks,DSC05976.JPG,vanlife,vanlife-national-parks-06.webp,2026-05-09 05:18,3648x4864,6361902
serie vanlife national parks,IMG_1159.JPG,vanlife,vanlife-national-parks-07.webp,2026-05-09 05:35,4284x5712,7760530
serie vanlife national parks,IMG_1164.JPG,vanlife,vanlife-national-parks-08.webp,2026-05-09 05:48,4284x5712,7439750
serie vanlife national parks,IMG_1165.JPG,vanlife,vanlife-national-parks-09.webp,2026-05-09 06:01,3024x4032,4760292
serie vanlife national parks,IMG_1178.JPG,vanlife,vanlife-national-parks-10.webp,2026-05-09 06:34,4284x5712,7661981
serie vanlife national parks,IMG_1221.JPG,vanlife,vanlife-national-parks-11.webp,2026-05-09 10:59,3024x4032,5359156
serie vanlife national parks,IMG_1205.JPG,vanlife,vanlife-national-parks-12.webp,2026-05-09 11:52,3024x4032,5192488
serie vanlife national parks,IMG_1361.JPG,vanlife,vanlife-national-parks-13.webp,2026-05-10 15:32,4284x5712,10752035
serie vanlife national parks,DSC01103.JPG,vanlife,vanlife-national-parks-14.webp,2026-05-12 07:50,3648x4864,8710320
serie vanlife national parks,DSC01104.JPG,vanlife,vanlife-national-parks-15.webp,2026-05-12 08:02,3648x4864,7341531
serie vanlife national parks,IMG_1914.JPG,vanlife,vanlife-national-parks-16.webp,2026-05-12 09:49,3024x4032,7975164
serie vanlife national parks,IMG_2518.JPG,vanlife,vanlife-national-parks-17.webp,2026-05-13 21:25,3024x4032,5114978
serie vanlife national parks,IMG_2752.JPG,vanlife,vanlife-national-parks-18.webp,2026-05-14 12:25,4284x5712,11839310
serie vanlife national parks,IMG_2777.JPG,vanlife,vanlife-national-parks-19.webp,2026-05-14 15:13,4228x5637,10042285
serie vanlife national parks,DSC06136.JPG,vanlife,vanlife-national-parks-20.webp,2026-05-14 18:17,3648x4864,7011246
serie vanlife national parks,IMG_2812.JPG,vanlife,vanlife-national-parks-21.webp,2026-05-14 18:56,3024x4032,5798729
serie vanlife national parks,IMG_2834.JPG,vanlife,vanlife-national-parks-22.webp,2026-05-15 07:13,4284x5712,9740894
serie vanlife national parks,IMG_2836.JPG,vanlife,vanlife-national-parks-23.webp,2026-05-15 07:50,3024x4032,6227962
serie vanlife national parks,IMG_2901.JPG,vanlife,vanlife-national-parks-24.webp,2026-05-15 09:39,1802x2626,3070208
serie vanlife national parks,IMG_3078.JPG,vanlife,vanlife-national-parks-25.webp,2026-05-15 13:16,4284x5712,9622850
serie vanlife national parks,IMG_3330.JPG,vanlife,vanlife-national-parks-26.webp,2026-05-15 17:42,3024x4032,6326569
serie vanlife national parks,IMG_3353.JPG,vanlife,vanlife-national-parks-27.webp,2026-05-15 18:34,4284x5712,10609466
serie vanlife national parks,IMG_3370.JPG,vanlife,vanlife-national-parks-28.webp,2026-05-15 19:14,4284x5712,10734529
serie vanlife national parks,IMG_3420.JPG,vanlife,vanlife-national-parks-29.webp,2026-05-15 20:01,4284x5712,9553471
serie vanlife national parks,DSC06169.JPG,vanlife,vanlife-national-parks-30.webp,2026-05-16 07:27,3648x4864,7222233
serie vanlife national parks,IMG_3464.JPG,vanlife,vanlife-national-parks-31.webp,2026-05-16 08:28,4284x5712,10309453
serie vanlife national parks,IMG_3461.JPG,vanlife,vanlife-national-parks-32.webp,2026-05-16 18:49,2990x3987,4786830
serie vanlife national parks,DSC01180.JPG,vanlife,vanlife-national-parks-33.webp,2026-05-17 09:46,3648x4864,7404276
serie vanlife national parks,DSC01203.JPG,vanlife,vanlife-national-parks-34.webp,2026-05-17 10:55,3648x4864,7923034
serie vanlife national parks,IMG_4247.JPG,vanlife,vanlife-national-parks-35.webp,2026-05-18 20:08,4284x5712,8854509
serie vanlife west coast,IMG_5496.JPG,vanlife,vanlife-west-coast-01.webp,2026-02-15 08:54,4284x5712,8880771
serie vanlife west coast,DSC03509.JPG,vanlife,vanlife-west-coast-02.webp,2026-02-16 15:11,3648x4864,6231603
serie vanlife west coast,IMG_5709.JPG,vanlife,vanlife-west-coast-03.webp,2026-02-18 13:57,1963x2618,2504803
serie vanlife west coast,DSC03727.JPG,vanlife,vanlife-west-coast-04.webp,2026-02-18 17:47,4864x3648,6837032
serie vanlife west coast,DSC00647.JPG,vanlife,vanlife-west-coast-05.webp,2026-02-21 08:32,3648x4864,6683735
serie vanlife west coast,DSC00654.JPG,vanlife,vanlife-west-coast-06.webp,2026-02-21 08:40,3648x4864,8657556
serie vanlife west coast,DSC00658.JPG,vanlife,vanlife-west-coast-07.webp,2026-02-21 09:06,3648x4864,6862880
serie vanlife west coast,IMG_6596.JPG,vanlife,vanlife-west-coast-08.webp,2026-02-22 16:50,3024x4032,5283156
serie vanlife west coast,IMG_6721.JPG,vanlife,vanlife-west-coast-09.webp,2026-02-24 14:25,2890x3853,4737648
serie vanlife west coast,IMG_8664.JPG,vanlife,vanlife-west-coast-10.webp,2026-02-24 14:50,3024x3750,6143811
serie vanlife west coast,DSC05141.JPG,vanlife,vanlife-west-coast-11.webp,2026-02-24 14:53,3648x4864,6288008
serie vanlife west coast,DSC05160.JPG,vanlife,vanlife-west-coast-12.webp,2026-02-25 06:29,3648x4864,6991115
serie vanlife west coast,DSC05163.JPG,vanlife,vanlife-west-coast-13.webp,2026-02-25 06:30,3648x4487,5971030
serie vanlife west coast,DSC05216.JPG,vanlife,vanlife-west-coast-14.webp,2026-02-25 17:17,3648x4864,7744076
serie vanlife west coast,DSC05219.JPG,vanlife,vanlife-west-coast-15.webp,2026-02-25 17:26,3648x4864,9984910
serie vanlife west coast,IMG_6803.JPG,vanlife,vanlife-west-coast-16.webp,2026-02-25 18:10,3024x4032,5382960
